variable,importancia
previous_appointments,0.29475188304205396
previous_attendance_rate,0.22002862339487791
previous_completed,0.18798626200206237
previous_no_show,0.07382340027342878
age,0.07266056175814974
appointment_hour,0.05539071204110022
day_of_week,0.03585687640415466
previous_cancelled,0.026599457819278353
gender_female,0.025665412887415643
is_saturday,0.007236810377478539
